﻿[
  {
    "id": "01bbd4d6-85a1-4a5b-8f11-29d5fb321143",
    "name": "XBox",
    "description": "Kalle kula....",
    "ipAddress": "192.168.0.1",
    "imageUrl": "http://www.impulsegamer.com/articles/wp-content/uploads/2017/11/xboxonexconsole.jpg"
  },
  {
    "id": "d9bdbb8b-64b8-40bb-b3f9-8830acba6313",
    "name": "Playstation",
    "description": "Kalle kula....",
    "ipAddress": "192.168.0.2",
    "imageUrl": "https://images-na.ssl-images-amazon.com/images/I/71esByYMVHL._SL1500_.jpg"
  },
  {
    "id": "dc8ed7d5-344d-4d51-8b8a-4b8a10d94c3f",
    "name": "Gameboy",
    "description": "Kalle kula....",
    "ipAddress": "192.168.0.3",
    "imageUrl": "http://www.denofgeek.us/sites/denofgeekus/files/styles/main_wide/public/5/08/game_boy.jpg"
  }
]