﻿[
  {
    "id": "707bf088-5aa4-4626-964e-5ea918ce3a54",
    "name": "Sonic",
    "description": "Kalle Kula",
    "consoleId": "01bbd4d6-85a1-4a5b-8f11-29d5fb321143",
    "imageUrl": "https://www.technobuffalo.com/wp-content/uploads/2016/06/sonic-the-hedgehog-5-470x310@2x.jpg"
  },
  {
    "id": "61e34ec1-5157-4597-9637-d7cbdcdfe547",
    "name": "Super Mario",
    "description": "Kalle Kula",
    "consoleId": "01bbd4d6-85a1-4a5b-8f11-29d5fb321143",
    "imageUrl": "https://cdn02.nintendo-europe.com/media/images/10_share_images/games_15/virtual_console_nintendo_3ds_7/SI_3DSVC_SuperMarioBros_image1600w.jpg"
  },
  {
    "id": "1afcae27-8240-4219-82f3-e41385417f7a",
    "name": "Pokemon",
    "description": "Kalle Kula",
    "consoleId": "dc8ed7d5-344d-4d51-8b8a-4b8a10d94c3f",
    "imageUrl": "https://romsmania.com/statics/assets/covers/gameboy-color/pokemon_yellow_cover_art_by_comunello76-d4xfrr5.jpg"
  }
]